# 정형문 구조 표지 — T0 난이도 판정용 (§5.1, ADR-010). 형식: 정규식<TAB>분류명
#
# prompts/positive-patterns.tsv와 **일부러 분리한다.** 그쪽은 "번역문에 반드시 쓸 어휘"
# 목록(拜..爲 → 제수하다 등)이고 이쪽은 "이 문장이 정례 항목인가"의 구조 표지다. 목적이 달라서
# 한 파일로 묶으면 ① 프롬프트를 고칠 때 라우팅이 조용히 바뀌고 ② 실제로 누락이 있었다 —
# 어휘 목록에는 傳曰(전체 문장의 31.5%)·答曰(25.0%)이 없어서 T0 판정이 5.90%에 머물렀다.
#
# 실측 (전수 62,056문장, M4-S1): 이 목록은 엔티티 0개 문장의 61.3%를 덮고,
# T0(엔티티 0개 + 패턴) = 8,080문장 = 전체의 13.02%다. 미커버 문장은 실제로 정례가 아니다
# (예: 命放釋戊申以後罪廢之人。 / 本宮奴, 有於軍中者, 上命誅之。).
#
# 주의: T0과 T1은 현재 같은 모델로 간다(무료 티어에서 flash-lite가 최대 quota 보유자라
# 하향 대상이 없다). 따라서 이 목록의 정밀도는 아직 운영에 영향을 주지 않고
# translation.tier.distribution 라벨만 가른다. gemma-4 등의 quota가 실측되면 달라진다.
傳曰|傳敎曰|下敎曰|傳旨	전교
答曰|答敎曰	비답
啓曰|啓言|狀啓|書啓|馳啓	계사
傳于.{0,10}曰	전교(대상 지정)
知道|依啓|勿煩|省疏具悉	정형 비답
允許|允從|不允|不許	윤허·불윤
藥房|無所啓|無事	정례 보고
常參|經筵|晝講|朝講|夕講	강연 정례
謝恩|下直|入直|政事	정례 인사
